{
  "weights_1st_order": [
    4.627194881439209,
    5.813324928283691,
    0.7997461557388306,
    1.1260188817977905
  ],
  "weights_2nd_order": [
    0.0,
    0.0,
    0.0,
    0.0,
    0.0,
    0.0,
    0.0,
    0.0,
    0.0,
    0.0
  ],
  "dim_pairs": [
    [
      0,
      1
    ],
    [
      0,
      2
    ],
    [
      0,
      3
    ],
    [
      1,
      2
    ],
    [
      1,
      3
    ],
    [
      2,
      3
    ],
    [
      0,
      0
    ],
    [
      1,
      1
    ],
    [
      2,
      2
    ],
    [
      3,
      3
    ]
  ],
  "final_bias": 0.0
}