{
  "weights_1st_order": [
    4.6148200035095215,
    5.801881313323975,
    0.8033922910690308,
    1.1308438777923584
  ],
  "weights_2nd_order": [
    0.0,
    0.0,
    0.0,
    0.0,
    0.0,
    0.0,
    0.0,
    0.0,
    0.0,
    0.0
  ],
  "dim_pairs": [
    [
      0,
      1
    ],
    [
      0,
      2
    ],
    [
      0,
      3
    ],
    [
      1,
      2
    ],
    [
      1,
      3
    ],
    [
      2,
      3
    ],
    [
      0,
      0
    ],
    [
      1,
      1
    ],
    [
      2,
      2
    ],
    [
      3,
      3
    ]
  ],
  "final_bias": 0.0
}