{
  "weights_1st_order": [
    9.861879348754883,
    12.70592975616455,
    2.9933905601501465
  ],
  "weights_2nd_order": [
    -0.00015078959404490888,
    -2.674185037612915,
    0.08722174167633057,
    4.329449075157754e-05,
    6.199500057846308e-05,
    -1.6738946214900352e-05
  ],
  "dim_pairs": [
    [
      0,
      1
    ],
    [
      0,
      2
    ],
    [
      1,
      2
    ],
    [
      0,
      0
    ],
    [
      1,
      1
    ],
    [
      2,
      2
    ]
  ],
  "final_bias": 0.0
}