{
  "weights_1st_order": [
    8.483229637145996,
    6.242868900299072,
    3.4870903491973877
  ],
  "weights_2nd_order": [
    -3.2097339630126953,
    -2.875276565551758,
    4.639223098754883,
    -5.364171504974365,
    -0.6363519430160522,
    2.2510015964508057
  ],
  "dim_pairs": [
    [
      0,
      1
    ],
    [
      0,
      2
    ],
    [
      1,
      2
    ],
    [
      0,
      0
    ],
    [
      1,
      1
    ],
    [
      2,
      2
    ]
  ],
  "final_bias": 2.1608002185821533
}