{
  "weights_1st_order": [
    7.465907096862793,
    5.791713714599609,
    3.2212631702423096
  ],
  "weights_2nd_order": [
    -4.291894435882568,
    -2.3491785526275635,
    4.604640007019043,
    -5.362838268280029,
    -1.1383357048034668,
    2.3395936489105225
  ],
  "dim_pairs": [
    [
      0,
      1
    ],
    [
      0,
      2
    ],
    [
      1,
      2
    ],
    [
      0,
      0
    ],
    [
      1,
      1
    ],
    [
      2,
      2
    ]
  ],
  "final_bias": 1.873207688331604
}