{
  "weights_1st_order": [
    7.620226860046387,
    5.860826015472412,
    3.261087417602539
  ],
  "weights_2nd_order": [
    -4.139917373657227,
    -2.4211912155151367,
    4.621108055114746,
    -5.37824821472168,
    -1.060097336769104,
    2.3363375663757324
  ],
  "dim_pairs": [
    [
      0,
      1
    ],
    [
      0,
      2
    ],
    [
      1,
      2
    ],
    [
      0,
      0
    ],
    [
      1,
      1
    ],
    [
      2,
      2
    ]
  ],
  "final_bias": 1.9136713743209839
}