{
  "weights_1st_order": [
    7.522309303283691,
    5.817191123962402,
    3.2360117435455322
  ],
  "weights_2nd_order": [
    -4.237083435058594,
    -2.375574827194214,
    4.6111159324646,
    -5.3693952560424805,
    -1.1098514795303345,
    2.3388125896453857
  ],
  "dim_pairs": [
    [
      0,
      1
    ],
    [
      0,
      2
    ],
    [
      1,
      2
    ],
    [
      0,
      0
    ],
    [
      1,
      1
    ],
    [
      2,
      2
    ]
  ],
  "final_bias": 1.888022541999817
}