{
  "weights_1st_order": [
    1.3890066146850586,
    2.176483631134033,
    0.23617863655090332
  ],
  "weights_2nd_order": [
    -6.0072937735355936e-09,
    -0.2189200520515442,
    9.166651437908513e-08,
    -6.200025826075262e-09,
    3.1179769877098806e-09,
    -8.219394942443614e-09
  ],
  "dim_pairs": [
    [
      0,
      1
    ],
    [
      0,
      2
    ],
    [
      1,
      2
    ],
    [
      0,
      0
    ],
    [
      1,
      1
    ],
    [
      2,
      2
    ]
  ],
  "final_bias": 0.6875945925712585
}