{
  "weights_1st_order": [
    1.3877835273742676,
    2.325291872024536,
    0.23732532560825348
  ],
  "weights_2nd_order": [
    -1.7360068937932738e-08,
    -0.21990424394607544,
    7.77359332460037e-09,
    -7.14183379102451e-09,
    -1.775333657860756e-08,
    -3.580779761591657e-08
  ],
  "dim_pairs": [
    [
      0,
      1
    ],
    [
      0,
      2
    ],
    [
      1,
      2
    ],
    [
      0,
      0
    ],
    [
      1,
      1
    ],
    [
      2,
      2
    ]
  ],
  "final_bias": 0.5744282603263855
}