{
  "weights_1st_order": [
    5.577897071838379,
    11.572488784790039,
    1.7918041944503784
  ],
  "weights_2nd_order": [
    -2.1439424017444253e-05,
    -4.29503059387207,
    -9.269053407479078e-05,
    -0.08958227932453156,
    4.744085311889648,
    -2.1734085083007812
  ],
  "dim_pairs": [
    [
      0,
      1
    ],
    [
      0,
      2
    ],
    [
      1,
      2
    ],
    [
      0,
      0
    ],
    [
      1,
      1
    ],
    [
      2,
      2
    ]
  ],
  "final_bias": 0.0
}