{
  "weights_1st_order": [
    2.8690872192382812,
    8.192245483398438,
    -1.236699104309082,
    1.2939486503601074
  ],
  "weights_2nd_order": [
    -6.3247761726379395,
    -4.657607555389404,
    3.270129442214966,
    -2.2646052837371826,
    -0.31215739250183105,
    -0.010992146097123623,
    -0.48991909623146057,
    0.760383665561676,
    1.5245494842529297,
    1.7781329154968262
  ],
  "dim_pairs": [
    [
      0,
      1
    ],
    [
      0,
      2
    ],
    [
      0,
      3
    ],
    [
      1,
      2
    ],
    [
      1,
      3
    ],
    [
      2,
      3
    ],
    [
      0,
      0
    ],
    [
      1,
      1
    ],
    [
      2,
      2
    ],
    [
      3,
      3
    ]
  ],
  "final_bias": 0.0
}