{
  "weights_1st_order": [
    1.9249569177627563,
    2.4014179706573486,
    0.6397721767425537
  ],
  "weights_2nd_order": [
    -1.1833609342575073,
    1.1978182792663574,
    1.976915955543518,
    3.3445070357629447e-07,
    1.8860195183378892e-08,
    0.043683651834726334
  ],
  "dim_pairs": [
    [
      0,
      1
    ],
    [
      0,
      2
    ],
    [
      1,
      2
    ],
    [
      0,
      0
    ],
    [
      1,
      1
    ],
    [
      2,
      2
    ]
  ],
  "final_bias": 0.0
}