{
  "weights_1st_order": [
    1.595961123257439e-07,
    -2.0910313480726472e-09,
    8.227601000498908e-08,
    -7.104614496711292e-08
  ],
  "weights_2nd_order": [
    -10.108745574951172,
    -7.644120216369629,
    5.3742899894714355,
    -3.1178476810455322,
    1.0480858087539673,
    -1.1705104112625122,
    -2.501134157180786,
    1.3804280757904053,
    3.1386868953704834,
    3.2030985355377197
  ],
  "dim_pairs": [
    [
      0,
      1
    ],
    [
      0,
      2
    ],
    [
      0,
      3
    ],
    [
      1,
      2
    ],
    [
      1,
      3
    ],
    [
      2,
      3
    ],
    [
      0,
      0
    ],
    [
      1,
      1
    ],
    [
      2,
      2
    ],
    [
      3,
      3
    ]
  ],
  "final_bias": 0.0
}