{
  "weights_1st_order": [
    10.301505088806152,
    7.725142002105713,
    2.90435791015625
  ],
  "weights_2nd_order": [
    -0.1419859528541565,
    -2.7095768451690674,
    5.500298500061035,
    -3.317922830581665,
    1.5275100469589233,
    2.6071698665618896
  ],
  "dim_pairs": [
    [
      0,
      1
    ],
    [
      0,
      2
    ],
    [
      1,
      2
    ],
    [
      0,
      0
    ],
    [
      1,
      1
    ],
    [
      2,
      2
    ]
  ],
  "final_bias": 0.0
}