{
  "weights_1st_order": [
    3.880037307739258,
    5.720946788787842,
    1.1019078493118286
  ],
  "weights_2nd_order": [
    0.0,
    0.0,
    0.0,
    0.0,
    0.0,
    0.0
  ],
  "dim_pairs": [
    [
      0,
      1
    ],
    [
      0,
      2
    ],
    [
      1,
      2
    ],
    [
      0,
      0
    ],
    [
      1,
      1
    ],
    [
      2,
      2
    ]
  ],
  "final_bias": 0.0
}