Complexity,Loss,Equation
1,5.5461507e-5,"x0"
3,5.546071e-5,"(x0 * 0.9999721)"
5,5.5406184e-5,"(x0 + (-1.8453138e-5 / x0))"
6,5.474584e-5,"(x0 / cos(-0.028475523 * x0))"
7,5.1304763e-5,"(x0 * cos(0.1239346 * cos(x0)))"
8,4.9462964e-5,"(x0 + (-0.0037773566 * sin(x0 / 0.3928042)))"
9,4.9418108e-5,"(x0 + (-0.0037773566 * sin(x0 / sin(0.3928042))))"
10,4.90369e-5,"(x0 + (-0.0037773566 * sin((x0 / 0.3928042) + 0.17106941)))"
16,4.8959067e-5,"(x0 + sin(-0.0037773566 * sin((x0 + (0.6821823 + (0.708088 / 0.38789004))) / sin(0.3928042))))"
