{
  "weights_1st_order": [
    8.688192367553711,
    13.269211769104004,
    1.6175991296768188
  ],
  "weights_2nd_order": [
    -1.6085974493762478e-05,
    -1.5079677104949951,
    0.00029577125678770244,
    -3.362441202625632e-05,
    0.9802305102348328,
    -7.43830059946049e-06
  ],
  "dim_pairs": [
    [
      0,
      1
    ],
    [
      0,
      2
    ],
    [
      1,
      2
    ],
    [
      0,
      0
    ],
    [
      1,
      1
    ],
    [
      2,
      2
    ]
  ],
  "final_bias": 0.0
}