{
  "weights_1st_order": [
    1.3025248050689697,
    1.275666356086731,
    1.0416514873504639
  ],
  "weights_2nd_order": [
    0.0,
    0.0,
    0.0,
    0.0,
    0.0,
    0.0
  ],
  "dim_pairs": [
    [
      0,
      1
    ],
    [
      0,
      2
    ],
    [
      1,
      2
    ],
    [
      0,
      0
    ],
    [
      1,
      1
    ],
    [
      2,
      2
    ]
  ],
  "final_bias": 0.0
}