{
  "weights_1st_order": [
    13.837970733642578,
    9.879501342773438,
    3.973996639251709
  ],
  "weights_2nd_order": [
    2.6922223567962646,
    -4.87490701675415,
    4.114175796508789,
    -0.10156092792749405,
    0.7937591671943665,
    3.1081113815307617
  ],
  "dim_pairs": [
    [
      0,
      1
    ],
    [
      0,
      2
    ],
    [
      1,
      2
    ],
    [
      0,
      0
    ],
    [
      1,
      1
    ],
    [
      2,
      2
    ]
  ],
  "final_bias": 0.0
}