{
  "weights_1st_order": [
    6.993279933929443,
    5.374837398529053,
    2.66947865486145
  ],
  "weights_2nd_order": [
    -3.4315857887268066,
    -1.2982443571090698,
    4.782722473144531,
    -4.096540927886963,
    0.16347989439964294,
    2.3783717155456543
  ],
  "dim_pairs": [
    [
      0,
      1
    ],
    [
      0,
      2
    ],
    [
      1,
      2
    ],
    [
      0,
      0
    ],
    [
      1,
      1
    ],
    [
      2,
      2
    ]
  ],
  "final_bias": 0.0
}