{
  "weights_1st_order": [
    5.541553704802027e-08,
    3.400454318125412e-08,
    -1.655053871729706e-08,
    5.2695256158585835e-08
  ],
  "weights_2nd_order": [
    -10.277324676513672,
    -7.7271199226379395,
    5.405412673950195,
    -3.169267177581787,
    1.0259310007095337,
    -1.1744688749313354,
    -2.4643006324768066,
    1.4251837730407715,
    3.173708438873291,
    3.2276546955108643
  ],
  "dim_pairs": [
    [
      0,
      1
    ],
    [
      0,
      2
    ],
    [
      0,
      3
    ],
    [
      1,
      2
    ],
    [
      1,
      3
    ],
    [
      2,
      3
    ],
    [
      0,
      0
    ],
    [
      1,
      1
    ],
    [
      2,
      2
    ],
    [
      3,
      3
    ]
  ],
  "final_bias": 0.0
}