{
  "weights_1st_order": [
    10.698936462402344,
    12.226286888122559,
    1.4918397665023804
  ],
  "weights_2nd_order": [
    -6.015856342855841e-05,
    -1.485366702079773,
    0.00021467881742864847,
    3.23917374771554e-05,
    -1.118743239203468e-05,
    -6.713094626320526e-05
  ],
  "dim_pairs": [
    [
      0,
      1
    ],
    [
      0,
      2
    ],
    [
      1,
      2
    ],
    [
      0,
      0
    ],
    [
      1,
      1
    ],
    [
      2,
      2
    ]
  ],
  "final_bias": 1.952735424041748
}