{
  "weights_1st_order": [
    0.6783643960952759,
    1.5782830715179443,
    0.7570933103561401
  ],
  "weights_2nd_order": [
    0.0,
    0.0,
    0.0,
    0.0,
    0.0,
    0.0
  ],
  "dim_pairs": [
    [
      0,
      1
    ],
    [
      0,
      2
    ],
    [
      1,
      2
    ],
    [
      0,
      0
    ],
    [
      1,
      1
    ],
    [
      2,
      2
    ]
  ],
  "final_bias": 0.0
}