{
  "weights_1st_order": [
    0.2992529273033142,
    0.40936577320098877,
    0.21377409994602203,
    0.20032428205013275
  ],
  "weights_2nd_order": [
    -0.17594164609909058,
    -0.09010765701532364,
    0.10861902683973312,
    -0.17203713953495026,
    0.18895477056503296,
    -0.03139448165893555,
    -0.1062084436416626,
    0.17908167839050293,
    0.02697054110467434,
    0.04668283835053444
  ],
  "dim_pairs": [
    [
      0,
      1
    ],
    [
      0,
      2
    ],
    [
      0,
      3
    ],
    [
      1,
      2
    ],
    [
      1,
      3
    ],
    [
      2,
      3
    ],
    [
      0,
      0
    ],
    [
      1,
      1
    ],
    [
      2,
      2
    ],
    [
      3,
      3
    ]
  ],
  "final_bias": 0.0
}