{
  "weights_1st_order": [
    0.6737131476402283,
    0.4462504982948303,
    0.3705042600631714
  ],
  "weights_2nd_order": [
    0.006033139768987894,
    -0.02757207676768303,
    0.05451609939336777,
    0.00011169235949637368,
    -0.013284215703606606,
    0.047993022948503494
  ],
  "dim_pairs": [
    [
      0,
      1
    ],
    [
      0,
      2
    ],
    [
      1,
      2
    ],
    [
      0,
      0
    ],
    [
      1,
      1
    ],
    [
      2,
      2
    ]
  ],
  "final_bias": 0.0
}